timestamp,heart_rate,temperature,activity_level
2024-09-08 11:20:18,70,37.1,high
2024-09-08 11:21:18,63,37.5,medium
2024-09-08 11:22:18,85,36.7,high
2024-09-08 11:23:18,82,37.4,medium
2024-09-08 11:24:18,97,36.4,high
2024-09-08 11:25:18,88,36.9,medium
2024-09-08 11:26:18,72,36.6,medium
2024-09-08 11:27:18,92,36.9,low
2024-09-08 11:28:18,89,36.8,high
2024-09-08 11:29:18,78,37.3,medium
2024-09-08 11:30:18,82,36.2,high
2024-09-08 11:31:18,83,36.6,low
2024-09-08 11:32:18,72,36.1,high
2024-09-08 11:33:18,89,37.3,high
2024-09-08 11:34:18,92,37.3,low
2024-09-08 11:35:18,64,36.1,medium
2024-09-08 11:36:18,95,36.9,medium
2024-09-08 11:37:18,90,37.2,medium
2024-09-08 11:38:18,73,36.5,medium
2024-09-08 11:39:18,87,36.4,high
2024-09-08 11:40:18,74,36.7,high
2024-09-08 11:41:18,66,36.3,low
2024-09-08 11:42:18,73,36.2,high
2024-09-08 11:43:18,88,36.6,high
2024-09-08 11:44:18,74,36.5,high
2024-09-08 11:45:18,87,36.7,low
2024-09-08 11:46:18,91,37.1,high
2024-09-08 11:47:18,71,36.7,high
2024-09-08 11:48:18,100,37.3,medium
2024-09-08 11:49:18,91,36.3,low
2024-09-08 11:50:18,81,37.4,medium
2024-09-08 11:51:18,70,36.5,medium
2024-09-08 11:52:18,99,36.6,low
2024-09-08 11:53:18,78,37.2,medium
2024-09-08 11:54:18,83,36.7,low
2024-09-08 11:55:18,65,37.2,medium
2024-09-08 11:56:18,75,36.5,high
2024-09-08 11:57:18,89,37.4,high
2024-09-08 11:58:18,94,36.9,high
2024-09-08 11:59:18,87,37.4,medium
2024-09-08 12:00:18,88,36.1,high
2024-09-08 12:01:18,94,36.8,medium
2024-09-08 12:02:18,91,36.1,low
2024-09-08 12:03:18,87,37.1,medium
2024-09-08 12:04:18,77,37.1,low
2024-09-08 12:05:18,77,37.2,high
2024-09-08 12:06:18,77,36.6,low
2024-09-08 12:07:18,92,36.3,low
2024-09-08 12:08:18,77,37.5,high
2024-09-08 12:09:18,85,36.5,low
2024-09-08 12:10:18,65,37.2,medium
2024-09-08 12:11:18,94,37.3,low
2024-09-08 12:12:18,71,36.5,medium
2024-09-08 12:13:18,82,36.0,medium
2024-09-08 12:14:18,95,37.1,low
2024-09-08 12:15:18,82,36.6,high
2024-09-08 12:16:18,83,36.4,high
2024-09-08 12:17:18,68,36.6,medium
2024-09-08 12:18:18,81,36.6,high
2024-09-08 12:19:18,100,36.1,high
2024-09-08 12:20:18,80,36.7,medium
2024-09-08 12:21:18,67,36.8,low
2024-09-08 12:22:18,74,37.4,low
2024-09-08 12:23:18,72,37.3,low
2024-09-08 12:24:18,66,36.3,high
2024-09-08 12:25:18,66,36.1,low
2024-09-08 12:26:18,66,37.3,medium
2024-09-08 12:27:18,94,36.4,low
2024-09-08 12:28:18,69,37.3,medium
2024-09-08 12:29:18,76,36.0,high
2024-09-08 12:30:18,64,36.1,high
2024-09-08 12:31:18,92,37.3,medium
2024-09-08 12:32:18,99,36.3,low
2024-09-08 12:33:18,84,36.6,high
2024-09-08 12:34:18,61,36.8,medium
2024-09-08 12:35:18,84,37.1,low
2024-09-08 12:36:18,60,36.9,low
2024-09-08 12:37:18,61,36.1,low
2024-09-08 12:38:18,94,36.2,medium
2024-09-08 12:39:18,98,36.2,high
2024-09-08 12:40:18,71,37.4,low
2024-09-08 12:41:18,97,37.3,medium
2024-09-08 12:42:18,79,36.3,low
2024-09-08 12:43:18,87,36.7,medium
2024-09-08 12:44:18,92,36.1,low
2024-09-08 12:45:18,72,36.6,low
2024-09-08 12:46:18,99,37.4,low
2024-09-08 12:47:18,60,36.1,low
2024-09-08 12:48:18,86,36.5,high
2024-09-08 12:49:18,95,37.3,high
2024-09-08 12:50:18,86,36.2,low
2024-09-08 12:51:18,65,37.4,low
2024-09-08 12:52:18,81,36.6,low
2024-09-08 12:53:18,89,36.2,low
2024-09-08 12:54:18,99,37.5,high
2024-09-08 12:55:18,69,36.3,medium
2024-09-08 12:56:18,95,37.5,medium
2024-09-08 12:57:18,76,37.4,low
2024-09-08 12:58:18,61,36.5,medium
2024-09-08 12:59:18,80,37.0,medium
2024-09-08 13:00:18,70,37.0,medium
2024-09-08 13:01:18,76,37.2,medium
2024-09-08 13:02:18,75,36.2,medium
2024-09-08 13:03:18,94,36.2,low
2024-09-08 13:04:18,84,36.6,high
2024-09-08 13:05:18,92,37.5,high
2024-09-08 13:06:18,94,37.0,medium
2024-09-08 13:07:18,62,36.6,medium
2024-09-08 13:08:18,63,36.6,low
2024-09-08 13:09:18,77,36.9,high
2024-09-08 13:10:18,90,36.7,medium
2024-09-08 13:11:18,80,37.3,low
2024-09-08 13:12:18,93,36.0,high
2024-09-08 13:13:18,100,36.0,low
2024-09-08 13:14:18,76,36.8,high
2024-09-08 13:15:18,100,36.5,medium
2024-09-08 13:16:18,92,36.3,low
2024-09-08 13:17:18,69,36.9,low
2024-09-08 13:18:18,99,36.2,low
2024-09-08 13:19:18,98,36.8,high
2024-09-08 13:20:18,75,36.8,low
2024-09-08 13:21:18,98,37.0,high
2024-09-08 13:22:18,66,37.0,medium
2024-09-08 13:23:18,93,36.3,medium
2024-09-08 13:24:18,73,36.4,medium
2024-09-08 13:25:18,67,37.1,high
2024-09-08 13:26:18,79,36.3,medium
2024-09-08 13:27:18,95,36.1,high
2024-09-08 13:28:18,80,37.1,medium
2024-09-08 13:29:18,96,36.5,medium
2024-09-08 13:30:18,82,36.9,low
2024-09-08 13:31:18,69,36.2,low
2024-09-08 13:32:18,79,36.7,medium
2024-09-08 13:33:18,94,36.6,high
2024-09-08 13:34:18,65,36.1,low
2024-09-08 13:35:18,71,36.4,medium
2024-09-08 13:36:18,70,37.4,high
2024-09-08 13:37:18,82,36.1,high
2024-09-08 13:38:18,98,36.4,medium
2024-09-08 13:39:18,78,37.0,high
2024-09-08 13:40:18,99,36.5,medium
2024-09-08 13:41:18,69,37.0,low
2024-09-08 13:42:18,73,37.2,low
2024-09-08 13:43:18,82,37.0,low
2024-09-08 13:44:18,72,37.1,low
2024-09-08 13:45:18,94,37.3,low
2024-09-08 13:46:18,85,37.5,high
2024-09-08 13:47:18,88,37.3,medium
2024-09-08 13:48:18,76,36.3,medium
2024-09-08 13:49:18,69,36.9,high
2024-09-08 13:50:18,77,36.4,high
2024-09-08 13:51:18,84,36.3,low
2024-09-08 13:52:18,87,36.3,high
2024-09-08 13:53:18,95,36.5,low
2024-09-08 13:54:18,75,36.7,low
2024-09-08 13:55:18,76,37.3,medium
2024-09-08 13:56:18,77,36.9,high
2024-09-08 13:57:18,71,36.9,high
2024-09-08 13:58:18,98,36.2,high
2024-09-08 13:59:18,76,37.3,low
2024-09-08 14:00:18,99,37.3,high
2024-09-08 14:01:18,96,37.0,medium
2024-09-08 14:02:18,99,36.7,medium
2024-09-08 14:03:18,69,37.4,high
2024-09-08 14:04:18,63,36.5,low
2024-09-08 14:05:18,90,37.1,low
2024-09-08 14:06:18,96,36.6,high
2024-09-08 14:07:18,72,36.7,medium
2024-09-08 14:08:18,61,36.8,low
2024-09-08 14:09:18,94,36.9,medium
2024-09-08 14:10:18,81,37.0,high
2024-09-08 14:11:18,84,36.0,low
2024-09-08 14:12:18,60,36.1,high
2024-09-08 14:13:18,66,36.5,low
2024-09-08 14:14:18,97,37.1,low
2024-09-08 14:15:18,88,36.2,low
2024-09-08 14:16:18,62,36.2,high
2024-09-08 14:17:18,84,36.7,high
2024-09-08 14:18:18,77,37.2,low
2024-09-08 14:19:18,88,37.4,low
2024-09-08 14:20:18,77,36.0,medium
2024-09-08 14:21:18,62,36.0,low
2024-09-08 14:22:18,63,37.2,high
2024-09-08 14:23:18,77,37.5,high
2024-09-08 14:24:18,89,36.7,low
2024-09-08 14:25:18,76,36.4,medium
2024-09-08 14:26:18,79,36.4,medium
2024-09-08 14:27:18,71,36.7,low
2024-09-08 14:28:18,99,36.3,high
2024-09-08 14:29:18,90,36.3,low
2024-09-08 14:30:18,91,36.1,medium
2024-09-08 14:31:18,86,36.9,medium
2024-09-08 14:32:18,97,37.1,high
2024-09-08 14:33:18,79,36.7,medium
2024-09-08 14:34:18,73,37.0,medium
2024-09-08 14:35:18,60,36.3,low
2024-09-08 14:36:18,70,37.3,high
2024-09-08 14:37:18,67,37.1,medium
2024-09-08 14:38:18,97,37.0,high
2024-09-08 14:39:18,77,36.5,high
2024-09-08 14:40:18,82,36.5,low
2024-09-08 14:41:18,61,37.2,low
2024-09-08 14:42:18,89,36.2,medium
2024-09-08 14:43:18,60,36.7,high
2024-09-08 14:44:18,78,37.5,medium
2024-09-08 14:45:18,90,36.9,high
2024-09-08 14:46:18,67,36.2,high
2024-09-08 14:47:18,100,37.5,medium
2024-09-08 14:48:18,100,36.5,low
2024-09-08 14:49:18,83,36.2,medium
2024-09-08 14:50:18,86,36.1,high
2024-09-08 14:51:18,60,36.5,medium
2024-09-08 14:52:18,70,36.5,low
2024-09-08 14:53:18,64,36.1,high
2024-09-08 14:54:18,73,36.2,high
2024-09-08 14:55:18,73,36.0,low
2024-09-08 14:56:18,90,37.0,medium
2024-09-08 14:57:18,61,36.8,high
2024-09-08 14:58:18,72,36.3,low
2024-09-08 14:59:18,87,37.1,high
2024-09-08 15:00:18,76,36.3,medium
2024-09-08 15:01:18,98,36.2,high
2024-09-08 15:02:18,90,36.9,high
2024-09-08 15:03:18,89,37.5,medium
2024-09-08 15:04:18,87,36.5,low
2024-09-08 15:05:18,81,36.1,low
2024-09-08 15:06:18,75,37.2,medium
2024-09-08 15:07:18,76,37.1,medium
2024-09-08 15:08:18,99,37.5,medium
2024-09-08 15:09:18,61,36.3,low
2024-09-08 15:10:18,90,36.8,medium
2024-09-08 15:11:18,100,36.8,high
2024-09-08 15:12:18,67,36.3,medium
2024-09-08 15:13:18,92,37.4,low
2024-09-08 15:14:18,64,36.4,high
2024-09-08 15:15:18,97,37.4,high
2024-09-08 15:16:18,92,36.0,medium
2024-09-08 15:17:18,88,36.2,medium
2024-09-08 15:18:18,86,37.1,high
2024-09-08 15:19:18,79,36.6,medium
2024-09-08 15:20:18,72,36.7,high
2024-09-08 15:21:18,71,36.6,low
2024-09-08 15:22:18,62,37.1,medium
2024-09-08 15:23:18,60,37.0,medium
2024-09-08 15:24:18,86,37.1,low
2024-09-08 15:25:18,72,36.6,high
2024-09-08 15:26:18,85,37.1,low
2024-09-08 15:27:18,97,36.9,high
2024-09-08 15:28:18,98,36.4,high
2024-09-08 15:29:18,68,36.0,medium
2024-09-08 15:30:18,85,36.7,high
2024-09-08 15:31:18,97,36.8,medium
2024-09-08 15:32:18,98,36.2,medium
2024-09-08 15:33:18,69,36.3,low
2024-09-08 15:34:18,65,36.0,low
2024-09-08 15:35:18,64,36.9,low
2024-09-08 15:36:18,62,36.4,low
2024-09-08 15:37:18,65,36.3,medium
2024-09-08 15:38:18,63,36.8,low
2024-09-08 15:39:18,85,36.2,medium
2024-09-08 15:40:18,85,36.6,medium
2024-09-08 15:41:18,63,37.4,medium
2024-09-08 15:42:18,70,37.4,medium
2024-09-08 15:43:18,71,36.2,low
2024-09-08 15:44:18,66,37.0,low
2024-09-08 15:45:18,70,36.9,medium
2024-09-08 15:46:18,85,36.6,medium
2024-09-08 15:47:18,65,36.9,medium
2024-09-08 15:48:18,88,37.3,low
2024-09-08 15:49:18,65,36.9,medium
2024-09-08 15:50:18,71,36.9,high
2024-09-08 15:51:18,79,37.2,low
2024-09-08 15:52:18,96,36.4,medium
2024-09-08 15:53:18,70,37.1,medium
2024-09-08 15:54:18,67,36.6,medium
2024-09-08 15:55:18,76,36.3,medium
2024-09-08 15:56:18,86,36.2,medium
2024-09-08 15:57:18,70,36.5,high
2024-09-08 15:58:18,80,37.5,low
2024-09-08 15:59:18,68,37.3,medium
2024-09-08 16:00:18,96,36.9,low
2024-09-08 16:01:18,76,36.2,high
2024-09-08 16:02:18,71,36.3,high
2024-09-08 16:03:18,95,36.3,high
2024-09-08 16:04:18,96,36.7,low
2024-09-08 16:05:18,83,37.2,low
2024-09-08 16:06:18,92,37.5,medium
2024-09-08 16:07:18,72,36.4,high
2024-09-08 16:08:18,60,37.4,high
2024-09-08 16:09:18,63,36.0,medium
2024-09-08 16:10:18,93,37.3,low
2024-09-08 16:11:18,78,37.2,low
2024-09-08 16:12:18,60,37.1,high
2024-09-08 16:13:18,92,37.1,medium
2024-09-08 16:14:18,97,37.5,low
2024-09-08 16:15:18,73,36.5,high
2024-09-08 16:16:18,72,36.2,low
2024-09-08 16:17:18,77,37.2,medium
2024-09-08 16:18:18,66,37.4,medium
2024-09-08 16:19:18,98,37.2,low
2024-09-08 16:20:18,76,36.2,medium
2024-09-08 16:21:18,80,37.1,low
2024-09-08 16:22:18,69,37.2,low
2024-09-08 16:23:18,74,36.7,high
2024-09-08 16:24:18,73,36.5,low
2024-09-08 16:25:18,72,36.0,medium
2024-09-08 16:26:18,100,37.2,low
2024-09-08 16:27:18,72,37.3,low
2024-09-08 16:28:18,89,37.4,low
2024-09-08 16:29:18,63,36.8,low
2024-09-08 16:30:18,61,36.1,medium
2024-09-08 16:31:18,63,36.1,high
2024-09-08 16:32:18,76,36.2,low
2024-09-08 16:33:18,83,37.4,high
2024-09-08 16:34:18,72,36.4,medium
2024-09-08 16:35:18,74,37.2,medium
2024-09-08 16:36:18,86,36.7,medium
2024-09-08 16:37:18,99,36.2,high
2024-09-08 16:38:18,69,37.1,high
2024-09-08 16:39:18,60,36.6,medium
2024-09-08 16:40:18,93,37.3,low
2024-09-08 16:41:18,83,36.4,low
2024-09-08 16:42:18,78,36.8,medium
2024-09-08 16:43:18,78,36.2,high
2024-09-08 16:44:18,65,37.2,medium
2024-09-08 16:45:18,96,36.1,medium
2024-09-08 16:46:18,91,36.7,high
2024-09-08 16:47:18,92,36.1,low
2024-09-08 16:48:18,61,36.5,medium
2024-09-08 16:49:18,65,37.2,medium
2024-09-08 16:50:18,71,37.0,low
2024-09-08 16:51:18,62,37.2,high
2024-09-08 16:52:18,98,36.5,medium
2024-09-08 16:53:18,72,36.8,low
2024-09-08 16:54:18,68,37.2,low
2024-09-08 16:55:18,77,36.3,high
2024-09-08 16:56:18,75,37.5,medium
2024-09-08 16:57:18,88,36.0,medium
2024-09-08 16:58:18,84,36.1,medium
2024-09-08 16:59:18,73,36.4,medium
2024-09-08 17:00:18,79,36.5,medium
2024-09-08 17:01:18,64,37.4,high
2024-09-08 17:02:18,100,37.1,high
2024-09-08 17:03:18,95,36.4,high
2024-09-08 17:04:18,81,36.7,high
2024-09-08 17:05:18,87,37.2,high
2024-09-08 17:06:18,88,36.9,low
2024-09-08 17:07:18,61,36.3,medium
2024-09-08 17:08:18,69,37.4,low
2024-09-08 17:09:18,60,36.5,medium
2024-09-08 17:10:18,62,36.2,high
2024-09-08 17:11:18,79,37.1,high
2024-09-08 17:12:18,87,36.0,medium
2024-09-08 17:13:18,71,36.5,medium
2024-09-08 17:14:18,62,36.9,medium
2024-09-08 17:15:18,87,37.3,low
2024-09-08 17:16:18,100,37.1,low
2024-09-08 17:17:18,98,36.9,low
2024-09-08 17:18:18,91,36.7,low
2024-09-08 17:19:18,80,36.3,high
2024-09-08 17:20:18,97,37.1,medium
2024-09-08 17:21:18,69,37.2,medium
2024-09-08 17:22:18,72,37.1,low
2024-09-08 17:23:18,64,37.2,medium
2024-09-08 17:24:18,70,36.6,high
2024-09-08 17:25:18,63,36.3,high
2024-09-08 17:26:18,93,37.2,medium
2024-09-08 17:27:18,83,36.2,high
2024-09-08 17:28:18,92,37.2,low
2024-09-08 17:29:18,75,36.3,low
2024-09-08 17:30:18,81,36.9,high
2024-09-08 17:31:18,89,36.7,medium
2024-09-08 17:32:18,63,37.5,high
2024-09-08 17:33:18,96,36.7,high
2024-09-08 17:34:18,74,37.4,medium
2024-09-08 17:35:18,88,37.2,low
2024-09-08 17:36:18,71,37.2,high
2024-09-08 17:37:18,95,36.1,high
2024-09-08 17:38:18,89,36.9,high
2024-09-08 17:39:18,88,36.6,high
2024-09-08 17:40:18,77,37.3,low
2024-09-08 17:41:18,84,36.6,medium
2024-09-08 17:42:18,78,36.2,low
2024-09-08 17:43:18,86,37.5,high
2024-09-08 17:44:18,89,37.1,medium
2024-09-08 17:45:18,82,37.4,medium
2024-09-08 17:46:18,91,36.7,medium
2024-09-08 17:47:18,93,36.3,medium
2024-09-08 17:48:18,95,37.4,medium
2024-09-08 17:49:18,83,37.2,high
2024-09-08 17:50:18,88,36.7,low
2024-09-08 17:51:18,92,37.4,low
2024-09-08 17:52:18,60,37.3,medium
2024-09-08 17:53:18,91,37.2,medium
2024-09-08 17:54:18,91,36.7,low
2024-09-08 17:55:18,60,36.1,low
2024-09-08 17:56:18,67,37.3,low
2024-09-08 17:57:18,61,36.2,high
2024-09-08 17:58:18,81,37.3,low
2024-09-08 17:59:18,69,36.4,low
2024-09-08 18:00:18,72,36.8,high
2024-09-08 18:01:18,67,37.2,medium
2024-09-08 18:02:18,89,36.7,medium
2024-09-08 18:03:18,89,37.0,low
2024-09-08 18:04:18,79,36.6,high
2024-09-08 18:05:18,62,36.1,low
2024-09-08 18:06:18,64,36.8,medium
2024-09-08 18:07:18,78,36.0,low
2024-09-08 18:08:18,67,37.4,high
2024-09-08 18:09:18,79,36.7,high
2024-09-08 18:10:18,61,36.2,medium
2024-09-08 18:11:18,60,36.4,medium
2024-09-08 18:12:18,61,37.2,medium
2024-09-08 18:13:18,99,36.3,low
2024-09-08 18:14:18,85,36.6,high
2024-09-08 18:15:18,61,37.0,medium
2024-09-08 18:16:18,60,36.9,high
2024-09-08 18:17:18,91,36.6,high
2024-09-08 18:18:18,94,37.0,medium
2024-09-08 18:19:18,97,36.7,high
2024-09-08 18:20:18,84,37.0,high
2024-09-08 18:21:18,87,36.9,medium
2024-09-08 18:22:18,76,36.4,high
2024-09-08 18:23:18,61,36.3,high
2024-09-08 18:24:18,63,36.2,medium
2024-09-08 18:25:18,92,36.1,medium
2024-09-08 18:26:18,100,36.9,high
2024-09-08 18:27:18,86,36.5,low
2024-09-08 18:28:18,96,36.7,medium
2024-09-08 18:29:18,75,36.6,medium
2024-09-08 18:30:18,86,37.1,low
2024-09-08 18:31:18,70,36.7,low
2024-09-08 18:32:18,100,37.4,medium
2024-09-08 18:33:18,93,37.2,medium
2024-09-08 18:34:18,60,36.6,low
2024-09-08 18:35:18,74,36.9,low
2024-09-08 18:36:18,76,36.7,high
2024-09-08 18:37:18,72,36.2,low
2024-09-08 18:38:18,60,36.9,low
2024-09-08 18:39:18,77,36.9,high
2024-09-08 18:40:18,96,36.0,high
2024-09-08 18:41:18,88,37.3,medium
2024-09-08 18:42:18,60,37.3,low
2024-09-08 18:43:18,90,37.3,medium
2024-09-08 18:44:18,81,36.1,medium
2024-09-08 18:45:18,81,36.6,medium
2024-09-08 18:46:18,63,36.6,high
2024-09-08 18:47:18,82,36.5,low
2024-09-08 18:48:18,68,36.8,high
2024-09-08 18:49:18,78,36.2,low
2024-09-08 18:50:18,94,36.5,medium
2024-09-08 18:51:18,90,36.3,low
2024-09-08 18:52:18,62,37.2,medium
2024-09-08 18:53:18,78,36.4,low
2024-09-08 18:54:18,78,36.8,medium
2024-09-08 18:55:18,85,36.1,high
2024-09-08 18:56:18,74,36.4,high
2024-09-08 18:57:18,89,36.2,low
2024-09-08 18:58:18,97,36.6,low
2024-09-08 18:59:18,83,36.4,low
2024-09-08 19:00:18,90,36.6,low
2024-09-08 19:01:18,76,36.1,high
2024-09-08 19:02:18,97,36.6,high
2024-09-08 19:03:18,87,36.5,medium
2024-09-08 19:04:18,90,36.6,medium
2024-09-08 19:05:18,95,37.5,high
2024-09-08 19:06:18,62,37.1,medium
2024-09-08 19:07:18,90,36.6,medium
2024-09-08 19:08:18,68,37.1,low
2024-09-08 19:09:18,76,37.4,high
2024-09-08 19:10:18,81,36.3,high
2024-09-08 19:11:18,68,36.2,low
2024-09-08 19:12:18,100,37.4,low
2024-09-08 19:13:18,89,37.2,medium
2024-09-08 19:14:18,84,36.7,high
2024-09-08 19:15:18,95,36.9,high
2024-09-08 19:16:18,72,37.1,high
2024-09-08 19:17:18,81,37.3,medium
2024-09-08 19:18:18,75,37.3,medium
2024-09-08 19:19:18,89,37.2,low
2024-09-08 19:20:18,64,36.0,medium
2024-09-08 19:21:18,67,36.6,high
2024-09-08 19:22:18,78,36.8,low
2024-09-08 19:23:18,62,36.5,high
2024-09-08 19:24:18,69,36.3,medium
2024-09-08 19:25:18,87,36.5,medium
2024-09-08 19:26:18,83,36.7,low
2024-09-08 19:27:18,72,37.4,medium
2024-09-08 19:28:18,76,37.0,low
2024-09-08 19:29:18,100,36.9,high
2024-09-08 19:30:18,71,37.5,high
2024-09-08 19:31:18,89,36.9,high
2024-09-08 19:32:18,94,36.7,low
2024-09-08 19:33:18,99,36.4,high
2024-09-08 19:34:18,68,36.7,medium
2024-09-08 19:35:18,62,36.8,medium
2024-09-08 19:36:18,96,36.3,medium
2024-09-08 19:37:18,89,36.1,medium
2024-09-08 19:38:18,80,36.5,medium
2024-09-08 19:39:18,73,36.9,low
2024-09-08 19:40:18,76,37.0,medium
2024-09-08 19:41:18,81,37.2,low
2024-09-08 19:42:18,64,36.8,low
2024-09-08 19:43:18,93,36.4,low
2024-09-08 19:44:18,79,36.2,medium
2024-09-08 19:45:18,84,36.9,low
2024-09-08 19:46:18,85,36.4,low
2024-09-08 19:47:18,64,36.4,medium
2024-09-08 19:48:18,97,36.4,low
2024-09-08 19:49:18,67,37.3,low
2024-09-08 19:50:18,90,36.5,medium
2024-09-08 19:51:18,62,36.8,high
2024-09-08 19:52:18,83,37.5,medium
2024-09-08 19:53:18,65,37.1,low
2024-09-08 19:54:18,95,36.7,low
2024-09-08 19:55:18,74,36.9,high
2024-09-08 19:56:18,63,36.7,low
2024-09-08 19:57:18,85,36.4,low
2024-09-08 19:58:18,77,36.6,low
2024-09-08 19:59:18,91,36.9,high
2024-09-08 20:00:18,87,36.6,low
2024-09-08 20:01:18,71,37.4,low
2024-09-08 20:02:18,73,36.9,low
2024-09-08 20:03:18,61,37.1,medium
2024-09-08 20:04:18,64,36.8,medium
2024-09-08 20:05:18,99,36.9,high
2024-09-08 20:06:18,72,37.2,high
2024-09-08 20:07:18,75,37.5,low
2024-09-08 20:08:18,94,36.0,low
2024-09-08 20:09:18,73,36.3,low
2024-09-08 20:10:18,77,36.7,low
2024-09-08 20:11:18,77,37.2,high
2024-09-08 20:12:18,97,36.3,low
2024-09-08 20:13:18,69,36.7,high
2024-09-08 20:14:18,68,37.3,low
2024-09-08 20:15:18,97,36.3,medium
2024-09-08 20:16:18,60,36.0,high
2024-09-08 20:17:18,64,36.1,high
2024-09-08 20:18:18,67,36.0,low
2024-09-08 20:19:18,61,36.4,medium
2024-09-08 20:20:18,69,36.5,high
2024-09-08 20:21:18,90,37.0,high
2024-09-08 20:22:18,94,36.5,low
2024-09-08 20:23:18,86,37.0,medium
2024-09-08 20:24:18,74,36.8,high
2024-09-08 20:25:18,84,36.3,low
2024-09-08 20:26:18,74,37.3,medium
2024-09-08 20:27:18,95,37.1,high
2024-09-08 20:28:18,92,37.2,low
2024-09-08 20:29:18,94,36.2,high
2024-09-08 20:30:18,74,36.5,low
2024-09-08 20:31:18,91,36.6,high
2024-09-08 20:32:18,63,36.4,high
2024-09-08 20:33:18,86,36.5,medium
2024-09-08 20:34:18,84,36.5,medium
2024-09-08 20:35:18,66,37.4,high
2024-09-08 20:36:18,95,36.6,high
2024-09-08 20:37:18,67,36.1,medium
2024-09-08 20:38:18,76,36.2,low
2024-09-08 20:39:18,71,36.1,low
2024-09-08 20:40:18,99,37.5,medium
2024-09-08 20:41:18,75,36.8,high
2024-09-08 20:42:18,72,36.3,low
2024-09-08 20:43:18,78,37.3,low
2024-09-08 20:44:18,84,36.9,high
2024-09-08 20:45:18,74,37.5,high
2024-09-08 20:46:18,97,36.6,medium
2024-09-08 20:47:18,72,37.4,medium
2024-09-08 20:48:18,79,36.1,medium
2024-09-08 20:49:18,81,36.9,medium
2024-09-08 20:50:18,86,37.1,low
2024-09-08 20:51:18,74,36.8,high
2024-09-08 20:52:18,65,37.2,low
2024-09-08 20:53:18,70,36.1,high
2024-09-08 20:54:18,65,37.4,high
2024-09-08 20:55:18,85,36.8,low
2024-09-08 20:56:18,74,37.1,low
2024-09-08 20:57:18,69,36.7,high
2024-09-08 20:58:18,87,36.7,high
2024-09-08 20:59:18,99,37.4,low
2024-09-08 21:00:18,73,37.1,high
2024-09-08 21:01:18,65,37.2,high
2024-09-08 21:02:18,65,36.9,high
2024-09-08 21:03:18,85,36.0,high
2024-09-08 21:04:18,83,36.9,high
2024-09-08 21:05:18,62,36.1,medium
2024-09-08 21:06:18,64,36.6,low
2024-09-08 21:07:18,99,36.2,high
2024-09-08 21:08:18,93,36.6,low
2024-09-08 21:09:18,99,37.4,high
2024-09-08 21:10:18,93,36.7,high
2024-09-08 21:11:18,93,36.5,medium
2024-09-08 21:12:18,85,36.4,low
2024-09-08 21:13:18,74,36.4,high
2024-09-08 21:14:18,73,36.2,high
2024-09-08 21:15:18,84,36.5,medium
2024-09-08 21:16:18,68,37.1,high
2024-09-08 21:17:18,69,36.3,low
2024-09-08 21:18:18,83,36.1,medium
2024-09-08 21:19:18,99,36.9,low
2024-09-08 21:20:18,94,37.1,low
2024-09-08 21:21:18,63,36.3,low
2024-09-08 21:22:18,93,36.4,medium
2024-09-08 21:23:18,77,37.0,medium
2024-09-08 21:24:18,76,36.8,high
2024-09-08 21:25:18,91,37.5,medium
2024-09-08 21:26:18,91,36.1,low
2024-09-08 21:27:18,65,36.0,low
2024-09-08 21:28:18,91,37.4,low
2024-09-08 21:29:18,80,36.7,high
2024-09-08 21:30:18,80,36.1,medium
2024-09-08 21:31:18,81,36.6,low
2024-09-08 21:32:18,70,36.6,medium
2024-09-08 21:33:18,91,37.4,low
2024-09-08 21:34:18,69,36.5,medium
2024-09-08 21:35:18,72,37.0,low
2024-09-08 21:36:18,79,36.6,medium
2024-09-08 21:37:18,74,37.3,low
2024-09-08 21:38:18,94,36.4,low
2024-09-08 21:39:18,97,36.2,high
2024-09-08 21:40:18,65,36.5,high
2024-09-08 21:41:18,61,37.2,low
2024-09-08 21:42:18,82,37.2,medium
2024-09-08 21:43:18,90,36.6,low
2024-09-08 21:44:18,68,36.2,low
2024-09-08 21:45:18,80,37.0,high
2024-09-08 21:46:18,70,37.5,medium
2024-09-08 21:47:18,69,36.6,low
2024-09-08 21:48:18,78,36.0,high
2024-09-08 21:49:18,61,37.1,low
2024-09-08 21:50:18,94,36.8,low
2024-09-08 21:51:18,95,36.8,high
2024-09-08 21:52:18,100,36.3,high
2024-09-08 21:53:18,72,36.0,high
2024-09-08 21:54:18,74,37.0,high
2024-09-08 21:55:18,100,36.9,low
2024-09-08 21:56:18,86,37.1,medium
2024-09-08 21:57:18,60,36.6,medium
2024-09-08 21:58:18,89,36.2,low
2024-09-08 21:59:18,74,36.6,high
2024-09-08 22:00:18,89,36.3,low
2024-09-08 22:01:18,90,37.1,low
2024-09-08 22:02:18,84,36.3,high
2024-09-08 22:03:18,92,37.3,low
2024-09-08 22:04:18,74,36.6,low
2024-09-08 22:05:18,78,37.4,low
2024-09-08 22:06:18,83,37.0,medium
2024-09-08 22:07:18,95,36.9,medium
2024-09-08 22:08:18,72,36.6,low
2024-09-08 22:09:18,96,36.4,medium
2024-09-08 22:10:18,98,36.1,low
2024-09-08 22:11:18,61,37.3,low
2024-09-08 22:12:18,86,36.6,medium
2024-09-08 22:13:18,83,36.2,high
2024-09-08 22:14:18,84,37.4,medium
2024-09-08 22:15:18,67,37.0,medium
2024-09-08 22:16:18,95,37.2,medium
2024-09-08 22:17:18,76,36.1,high
2024-09-08 22:18:18,90,36.5,high
2024-09-08 22:19:18,70,36.6,low
2024-09-08 22:20:18,94,37.2,low
2024-09-08 22:21:18,69,36.8,low
2024-09-08 22:22:18,80,36.3,low
2024-09-08 22:23:18,87,36.8,high
2024-09-08 22:24:18,74,36.8,low
2024-09-08 22:25:18,62,37.2,low
2024-09-08 22:26:18,97,36.2,high
2024-09-08 22:27:18,96,37.4,low
2024-09-08 22:28:18,84,37.1,high
2024-09-08 22:29:18,80,36.0,low
2024-09-08 22:30:18,72,37.3,medium
2024-09-08 22:31:18,93,36.0,low
2024-09-08 22:32:18,64,37.4,low
2024-09-08 22:33:18,73,37.1,medium
2024-09-08 22:34:18,99,36.7,high
2024-09-08 22:35:18,63,37.0,medium
2024-09-08 22:36:18,60,36.1,high
2024-09-08 22:37:18,98,36.4,medium
2024-09-08 22:38:18,64,36.1,medium
2024-09-08 22:39:18,83,36.4,low
2024-09-08 22:40:18,87,36.1,medium
2024-09-08 22:41:18,98,37.1,high
2024-09-08 22:42:18,91,37.0,medium
2024-09-08 22:43:18,89,36.2,high
2024-09-08 22:44:18,67,37.3,low
2024-09-08 22:45:18,88,36.3,medium
2024-09-08 22:46:18,87,37.3,high
2024-09-08 22:47:18,68,36.8,high
2024-09-08 22:48:18,78,37.4,medium
2024-09-08 22:49:18,81,37.4,high
2024-09-08 22:50:18,63,36.5,medium
2024-09-08 22:51:18,69,37.2,high
2024-09-08 22:52:18,94,36.1,medium
2024-09-08 22:53:18,67,36.1,low
2024-09-08 22:54:18,100,36.3,low
2024-09-08 22:55:18,64,36.1,high
2024-09-08 22:56:18,69,36.3,low
2024-09-08 22:57:18,70,36.7,low
2024-09-08 22:58:18,65,36.2,high
2024-09-08 22:59:18,66,36.9,low
2024-09-08 23:00:18,87,37.0,medium
2024-09-08 23:01:18,84,36.9,low
2024-09-08 23:02:18,67,37.3,medium
2024-09-08 23:03:18,99,36.8,high
2024-09-08 23:04:18,89,37.3,medium
2024-09-08 23:05:18,72,36.0,medium
2024-09-08 23:06:18,77,37.5,medium
2024-09-08 23:07:18,83,37.3,medium
2024-09-08 23:08:18,70,37.2,low
2024-09-08 23:09:18,89,36.0,medium
2024-09-08 23:10:18,74,37.0,low
2024-09-08 23:11:18,99,37.0,medium
2024-09-08 23:12:18,90,36.8,low
2024-09-08 23:13:18,100,36.4,medium
2024-09-08 23:14:18,60,37.1,low
2024-09-08 23:15:18,64,36.1,high
2024-09-08 23:16:18,79,36.7,medium
2024-09-08 23:17:18,94,37.0,high
2024-09-08 23:18:18,84,37.0,low
2024-09-08 23:19:18,93,37.0,low
2024-09-08 23:20:18,95,37.1,high
2024-09-08 23:21:18,99,37.4,high
2024-09-08 23:22:18,66,36.8,low
2024-09-08 23:23:18,72,36.7,low
2024-09-08 23:24:18,63,36.4,high
2024-09-08 23:25:18,87,36.2,medium
2024-09-08 23:26:18,71,37.4,high
2024-09-08 23:27:18,65,36.5,low
2024-09-08 23:28:18,65,36.1,medium
2024-09-08 23:29:18,64,37.2,medium
2024-09-08 23:30:18,76,36.3,medium
2024-09-08 23:31:18,77,37.2,high
2024-09-08 23:32:18,79,36.9,high
2024-09-08 23:33:18,88,36.9,high
2024-09-08 23:34:18,96,36.1,low
2024-09-08 23:35:18,86,36.7,medium
2024-09-08 23:36:18,79,36.7,low
2024-09-08 23:37:18,96,36.9,medium
2024-09-08 23:38:18,96,37.3,high
2024-09-08 23:39:18,84,37.3,medium
2024-09-08 23:40:18,79,36.5,medium
2024-09-08 23:41:18,82,36.0,high
2024-09-08 23:42:18,82,37.4,high
2024-09-08 23:43:18,95,37.0,high
2024-09-08 23:44:18,93,37.2,medium
2024-09-08 23:45:18,86,37.3,medium
2024-09-08 23:46:18,72,36.9,medium
2024-09-08 23:47:18,85,37.0,medium
2024-09-08 23:48:18,87,36.9,medium
2024-09-08 23:49:18,92,36.3,low
2024-09-08 23:50:18,88,37.4,low
2024-09-08 23:51:18,78,36.8,medium
2024-09-08 23:52:18,60,36.7,high
2024-09-08 23:53:18,89,36.6,high
2024-09-08 23:54:18,69,37.5,low
2024-09-08 23:55:18,96,36.3,medium
2024-09-08 23:56:18,66,36.8,high
2024-09-08 23:57:18,91,36.6,low
2024-09-08 23:58:18,90,37.5,high
2024-09-08 23:59:18,79,36.1,low
2024-09-09 00:00:18,63,37.1,low
2024-09-09 00:01:18,62,37.1,medium
2024-09-09 00:02:18,80,36.8,medium
2024-09-09 00:03:18,93,36.1,low
2024-09-09 00:04:18,71,36.0,low
2024-09-09 00:05:18,91,36.1,low
2024-09-09 00:06:18,100,36.6,medium
2024-09-09 00:07:18,89,36.3,medium
2024-09-09 00:08:18,61,36.4,high
2024-09-09 00:09:18,74,37.2,medium
2024-09-09 00:10:18,64,36.5,high
2024-09-09 00:11:18,67,37.0,high
2024-09-09 00:12:18,74,37.3,low
2024-09-09 00:13:18,78,37.0,low
2024-09-09 00:14:18,91,36.3,high
2024-09-09 00:15:18,78,36.4,medium
2024-09-09 00:16:18,91,37.4,high
2024-09-09 00:17:18,84,36.7,medium
2024-09-09 00:18:18,68,37.2,low
2024-09-09 00:19:18,69,36.7,high
2024-09-09 00:20:18,90,36.8,high
2024-09-09 00:21:18,75,37.4,medium
2024-09-09 00:22:18,98,36.6,high
2024-09-09 00:23:18,90,36.5,medium
2024-09-09 00:24:18,92,36.6,medium
2024-09-09 00:25:18,100,36.3,high
2024-09-09 00:26:18,70,36.8,low
2024-09-09 00:27:18,75,37.3,low
2024-09-09 00:28:18,88,36.2,medium
2024-09-09 00:29:18,65,36.2,medium
2024-09-09 00:30:18,98,37.4,medium
2024-09-09 00:31:18,96,37.4,medium
2024-09-09 00:32:18,70,37.3,low
2024-09-09 00:33:18,99,37.1,medium
2024-09-09 00:34:18,66,36.0,medium
2024-09-09 00:35:18,93,36.5,high
2024-09-09 00:36:18,77,36.9,medium
2024-09-09 00:37:18,80,36.3,high
2024-09-09 00:38:18,92,36.3,medium
2024-09-09 00:39:18,81,37.3,medium
2024-09-09 00:40:18,87,37.2,high
2024-09-09 00:41:18,68,37.3,high
2024-09-09 00:42:18,61,36.4,low
2024-09-09 00:43:18,80,37.1,high
2024-09-09 00:44:18,63,36.2,low
2024-09-09 00:45:18,66,36.0,high
2024-09-09 00:46:18,84,36.3,high
2024-09-09 00:47:18,78,36.1,medium
2024-09-09 00:48:18,85,36.1,low
2024-09-09 00:49:18,97,36.7,low
2024-09-09 00:50:18,80,36.3,low
2024-09-09 00:51:18,94,36.3,low
2024-09-09 00:52:18,85,37.3,medium
2024-09-09 00:53:18,62,37.3,high
2024-09-09 00:54:18,75,37.4,low
2024-09-09 00:55:18,72,36.6,medium
2024-09-09 00:56:18,72,36.0,high
2024-09-09 00:57:18,97,36.5,low
2024-09-09 00:58:18,97,36.2,high
2024-09-09 00:59:18,73,37.2,medium
2024-09-09 01:00:18,82,36.4,low
2024-09-09 01:01:18,73,37.2,low
2024-09-09 01:02:18,100,36.2,low
2024-09-09 01:03:18,89,37.4,low
2024-09-09 01:04:18,89,37.3,medium
2024-09-09 01:05:18,92,36.9,medium
2024-09-09 01:06:18,68,36.4,medium
2024-09-09 01:07:18,86,36.1,medium
2024-09-09 01:08:18,74,36.6,high
2024-09-09 01:09:18,87,36.4,high
2024-09-09 01:10:18,76,36.4,high
2024-09-09 01:11:18,86,37.4,medium
2024-09-09 01:12:18,88,37.2,medium
2024-09-09 01:13:18,80,37.5,low
2024-09-09 01:14:18,99,37.0,medium
2024-09-09 01:15:18,83,36.3,high
2024-09-09 01:16:18,74,36.5,high
2024-09-09 01:17:18,87,36.4,medium
2024-09-09 01:18:18,93,37.3,high
2024-09-09 01:19:18,93,36.3,medium
2024-09-09 01:20:18,83,37.3,medium
2024-09-09 01:21:18,97,36.0,medium
2024-09-09 01:22:18,77,36.6,low
2024-09-09 01:23:18,80,37.2,low
2024-09-09 01:24:18,83,37.4,medium
2024-09-09 01:25:18,64,36.3,low
2024-09-09 01:26:18,63,36.8,low
2024-09-09 01:27:18,95,37.1,medium
2024-09-09 01:28:18,75,36.8,high
2024-09-09 01:29:18,81,36.8,low
2024-09-09 01:30:18,85,36.7,low
2024-09-09 01:31:18,74,36.4,high
2024-09-09 01:32:18,95,36.1,low
2024-09-09 01:33:18,93,36.0,low
2024-09-09 01:34:18,74,36.4,low
2024-09-09 01:35:18,79,36.2,medium
2024-09-09 01:36:18,71,36.3,medium
2024-09-09 01:37:18,97,36.5,low
2024-09-09 01:38:18,70,36.5,low
2024-09-09 01:39:18,64,36.9,low
2024-09-09 01:40:18,72,37.3,high
2024-09-09 01:41:18,61,36.8,high
2024-09-09 01:42:18,79,37.4,medium
2024-09-09 01:43:18,70,36.2,high
2024-09-09 01:44:18,61,36.7,high
2024-09-09 01:45:18,62,36.8,low
2024-09-09 01:46:18,61,36.6,low
2024-09-09 01:47:18,99,37.1,low
2024-09-09 01:48:18,81,36.0,medium
2024-09-09 01:49:18,92,37.4,low
2024-09-09 01:50:18,96,36.7,high
2024-09-09 01:51:18,81,36.5,medium
2024-09-09 01:52:18,62,37.2,medium
2024-09-09 01:53:18,97,36.1,medium
2024-09-09 01:54:18,76,37.4,high
2024-09-09 01:55:18,68,36.7,medium
2024-09-09 01:56:18,60,36.9,high
2024-09-09 01:57:18,70,37.2,low
2024-09-09 01:58:18,68,37.4,low
2024-09-09 01:59:18,60,36.9,high
2024-09-09 02:00:18,83,36.2,low
2024-09-09 02:01:18,66,36.7,low
2024-09-09 02:02:18,66,37.0,low
2024-09-09 02:03:18,74,37.1,high
2024-09-09 02:04:18,86,36.4,medium
2024-09-09 02:05:18,93,37.3,low
2024-09-09 02:06:18,90,36.2,high
2024-09-09 02:07:18,100,36.7,medium
2024-09-09 02:08:18,92,36.4,high
2024-09-09 02:09:18,91,36.9,low
2024-09-09 02:10:18,64,36.9,low
2024-09-09 02:11:18,70,36.4,high
2024-09-09 02:12:18,83,37.3,low
2024-09-09 02:13:18,93,36.7,low
2024-09-09 02:14:18,69,36.8,high
2024-09-09 02:15:18,61,37.2,low
2024-09-09 02:16:18,87,36.4,high
2024-09-09 02:17:18,74,36.0,low
2024-09-09 02:18:18,65,37.4,high
2024-09-09 02:19:18,91,36.9,medium
2024-09-09 02:20:18,100,36.8,low
2024-09-09 02:21:18,82,37.1,low
2024-09-09 02:22:18,88,36.9,medium
2024-09-09 02:23:18,70,36.2,high
2024-09-09 02:24:18,86,36.2,medium
2024-09-09 02:25:18,80,36.8,low
2024-09-09 02:26:18,84,37.4,high
2024-09-09 02:27:18,99,36.9,low
2024-09-09 02:28:18,77,36.7,low
2024-09-09 02:29:18,74,37.0,high
2024-09-09 02:30:18,61,37.0,medium
2024-09-09 02:31:18,77,37.2,medium
2024-09-09 02:32:18,88,36.1,medium
2024-09-09 02:33:18,83,37.4,high
2024-09-09 02:34:18,86,36.8,medium
2024-09-09 02:35:18,79,36.6,medium
2024-09-09 02:36:18,83,36.4,medium
2024-09-09 02:37:18,72,36.9,medium
2024-09-09 02:38:18,100,37.0,high
2024-09-09 02:39:18,68,37.0,high
2024-09-09 02:40:18,97,36.9,low
2024-09-09 02:41:18,90,36.7,high
2024-09-09 02:42:18,89,37.0,high
2024-09-09 02:43:18,72,36.4,high
2024-09-09 02:44:18,83,36.7,high
2024-09-09 02:45:18,95,36.7,low
2024-09-09 02:46:18,100,36.8,medium
2024-09-09 02:47:18,91,36.8,low
2024-09-09 02:48:18,70,37.2,medium
2024-09-09 02:49:18,69,36.4,low
2024-09-09 02:50:18,84,36.1,low
2024-09-09 02:51:18,82,36.5,medium
2024-09-09 02:52:18,100,36.9,high
2024-09-09 02:53:18,97,37.1,medium
2024-09-09 02:54:18,100,36.2,medium
2024-09-09 02:55:18,74,37.3,medium
2024-09-09 02:56:18,71,36.6,low
2024-09-09 02:57:18,81,37.4,high
2024-09-09 02:58:18,90,36.6,high
2024-09-09 02:59:18,78,36.5,high
2024-09-09 03:00:18,87,37.4,medium
2024-09-09 03:01:18,72,37.2,low
2024-09-09 03:02:18,68,37.5,medium
2024-09-09 03:03:18,87,37.5,high
2024-09-09 03:04:18,69,36.4,low
2024-09-09 03:05:18,86,36.9,high
2024-09-09 03:06:18,67,37.1,high
2024-09-09 03:07:18,70,37.2,low
2024-09-09 03:08:18,63,36.8,low
2024-09-09 03:09:18,74,36.0,low
2024-09-09 03:10:18,79,37.3,low
2024-09-09 03:11:18,92,36.2,high
2024-09-09 03:12:18,92,37.0,medium
2024-09-09 03:13:18,97,36.1,medium
2024-09-09 03:14:18,71,36.9,low
2024-09-09 03:15:18,77,36.9,high
2024-09-09 03:16:18,71,36.0,low
2024-09-09 03:17:18,79,37.2,medium
2024-09-09 03:18:18,76,36.9,high
2024-09-09 03:19:18,79,37.3,medium
2024-09-09 03:20:18,74,37.0,low
2024-09-09 03:21:18,86,37.3,medium
2024-09-09 03:22:18,95,36.5,high
2024-09-09 03:23:18,90,36.6,medium
2024-09-09 03:24:18,77,36.7,medium
2024-09-09 03:25:18,60,37.1,medium
2024-09-09 03:26:18,88,36.0,high
2024-09-09 03:27:18,78,36.7,low
2024-09-09 03:28:18,89,37.1,medium
2024-09-09 03:29:18,82,36.4,low
2024-09-09 03:30:18,83,37.0,high
2024-09-09 03:31:18,89,36.6,medium
2024-09-09 03:32:18,82,36.8,low
2024-09-09 03:33:18,68,37.2,low
2024-09-09 03:34:18,65,36.6,low
2024-09-09 03:35:18,86,36.6,high
2024-09-09 03:36:18,92,37.2,high
2024-09-09 03:37:18,99,36.3,low
2024-09-09 03:38:18,66,36.9,low
2024-09-09 03:39:18,77,37.3,high
2024-09-09 03:40:18,76,37.1,medium
2024-09-09 03:41:18,73,36.3,low
2024-09-09 03:42:18,67,36.1,low
2024-09-09 03:43:18,90,36.9,medium
2024-09-09 03:44:18,63,36.8,medium
2024-09-09 03:45:18,70,37.2,high
2024-09-09 03:46:18,64,37.1,low
2024-09-09 03:47:18,73,37.5,high
2024-09-09 03:48:18,61,36.4,high
2024-09-09 03:49:18,87,36.6,medium
2024-09-09 03:50:18,60,36.1,medium
2024-09-09 03:51:18,82,36.9,medium
2024-09-09 03:52:18,81,37.2,high
2024-09-09 03:53:18,90,36.7,low
2024-09-09 03:54:18,82,36.8,medium
2024-09-09 03:55:18,69,37.2,low
2024-09-09 03:56:18,96,36.7,low
2024-09-09 03:57:18,98,37.4,low
2024-09-09 03:58:18,98,36.9,high
2024-09-09 03:59:18,97,36.4,low
2024-09-09 04:00:18,78,36.6,medium
2024-09-09 04:01:18,74,37.0,high
2024-09-09 04:02:18,81,36.6,high
2024-09-09 04:03:18,86,37.3,high
2024-09-09 04:04:18,65,36.4,low
2024-09-09 04:05:18,70,37.5,low
2024-09-09 04:06:18,88,36.4,high
2024-09-09 04:07:18,73,36.1,low
2024-09-09 04:08:18,84,36.4,high
2024-09-09 04:09:18,75,36.1,low
2024-09-09 04:10:18,91,36.0,low
2024-09-09 04:11:18,100,36.7,low
2024-09-09 04:12:18,83,37.2,high
2024-09-09 04:13:18,64,36.1,low
2024-09-09 04:14:18,95,37.2,low
2024-09-09 04:15:18,92,37.0,low
2024-09-09 04:16:18,63,37.2,medium
2024-09-09 04:17:18,90,37.2,low
2024-09-09 04:18:18,62,36.3,low
2024-09-09 04:19:18,94,36.5,low
2024-09-09 04:20:18,87,37.1,low
2024-09-09 04:21:18,98,36.5,high
2024-09-09 04:22:18,85,36.8,medium
2024-09-09 04:23:18,87,36.1,high
2024-09-09 04:24:18,85,36.9,low
2024-09-09 04:25:18,92,36.8,high
2024-09-09 04:26:18,86,36.5,medium
2024-09-09 04:27:18,93,36.1,low
2024-09-09 04:28:18,100,36.8,high
2024-09-09 04:29:18,84,37.3,low
2024-09-09 04:30:18,68,36.9,medium
2024-09-09 04:31:18,96,36.6,low
2024-09-09 04:32:18,66,37.3,low
2024-09-09 04:33:18,80,36.6,high
2024-09-09 04:34:18,78,37.4,low
2024-09-09 04:35:18,71,36.3,high
2024-09-09 04:36:18,93,36.9,medium
2024-09-09 04:37:18,84,36.1,low
2024-09-09 04:38:18,85,37.1,low
2024-09-09 04:39:18,60,37.4,high
2024-09-09 04:40:18,60,36.3,high
2024-09-09 04:41:18,72,36.9,low
2024-09-09 04:42:18,84,37.1,medium
2024-09-09 04:43:18,96,36.6,low
2024-09-09 04:44:18,86,36.5,high
2024-09-09 04:45:18,71,36.3,low
2024-09-09 04:46:18,61,37.1,low
2024-09-09 04:47:18,78,37.2,medium
2024-09-09 04:48:18,83,36.0,medium
2024-09-09 04:49:18,92,37.5,low
2024-09-09 04:50:18,87,36.8,high
2024-09-09 04:51:18,68,36.9,high
2024-09-09 04:52:18,77,36.6,medium
2024-09-09 04:53:18,96,36.4,high
2024-09-09 04:54:18,72,36.6,high
2024-09-09 04:55:18,85,36.2,medium
2024-09-09 04:56:18,95,36.6,low
2024-09-09 04:57:18,89,37.3,medium
2024-09-09 04:58:18,65,36.2,low
2024-09-09 04:59:18,83,36.6,high
2024-09-09 05:00:18,65,37.3,medium
2024-09-09 05:01:18,62,36.5,high
2024-09-09 05:02:18,91,37.1,low
2024-09-09 05:03:18,86,36.8,high
2024-09-09 05:04:18,65,36.9,low
2024-09-09 05:05:18,97,36.5,high
2024-09-09 05:06:18,87,36.9,medium
2024-09-09 05:07:18,68,36.3,medium
2024-09-09 05:08:18,98,37.5,medium
2024-09-09 05:09:18,75,36.5,high
2024-09-09 05:10:18,86,37.2,high
2024-09-09 05:11:18,90,36.7,high
2024-09-09 05:12:18,98,36.8,high
2024-09-09 05:13:18,99,37.2,high
2024-09-09 05:14:18,80,36.0,low
2024-09-09 05:15:18,77,36.8,medium
2024-09-09 05:16:18,87,37.1,high
2024-09-09 05:17:18,92,36.2,high
2024-09-09 05:18:18,94,36.9,medium
2024-09-09 05:19:18,73,37.0,medium
2024-09-09 05:20:18,90,36.5,high
2024-09-09 05:21:18,95,36.3,medium
2024-09-09 05:22:18,72,37.5,low
2024-09-09 05:23:18,90,36.6,low
2024-09-09 05:24:18,99,37.4,low
2024-09-09 05:25:18,77,37.4,medium
2024-09-09 05:26:18,94,36.7,high
2024-09-09 05:27:18,86,37.3,high
2024-09-09 05:28:18,62,37.1,low
2024-09-09 05:29:18,88,36.1,high
2024-09-09 05:30:18,61,36.9,medium
2024-09-09 05:31:18,89,36.1,low
2024-09-09 05:32:18,95,36.8,medium
2024-09-09 05:33:18,75,36.1,medium
2024-09-09 05:34:18,61,37.4,high
2024-09-09 05:35:18,74,37.3,high
2024-09-09 05:36:18,88,36.8,low
2024-09-09 05:37:18,97,37.4,high
2024-09-09 05:38:18,98,36.4,high
2024-09-09 05:39:18,97,37.0,medium
2024-09-09 05:40:18,61,36.9,high
2024-09-09 05:41:18,65,36.7,medium
2024-09-09 05:42:18,96,36.5,low
2024-09-09 05:43:18,74,36.2,medium
2024-09-09 05:44:18,76,36.9,high
2024-09-09 05:45:18,82,37.4,low
2024-09-09 05:46:18,65,36.7,medium
2024-09-09 05:47:18,83,37.0,medium
2024-09-09 05:48:18,71,37.4,medium
2024-09-09 05:49:18,62,37.0,low
2024-09-09 05:50:18,90,36.9,low
2024-09-09 05:51:18,69,36.3,low
2024-09-09 05:52:18,95,36.1,low
2024-09-09 05:53:18,73,36.4,high
2024-09-09 05:54:18,78,36.3,medium
2024-09-09 05:55:18,65,37.3,low
2024-09-09 05:56:18,97,37.4,high
2024-09-09 05:57:18,87,36.7,medium
2024-09-09 05:58:18,88,36.6,medium
2024-09-09 05:59:18,67,36.7,medium
2024-09-09 06:00:18,85,36.2,medium
2024-09-09 06:01:18,95,37.1,low
2024-09-09 06:02:18,100,36.3,high
2024-09-09 06:03:18,62,36.1,low
2024-09-09 06:04:18,99,36.1,high
2024-09-09 06:05:18,63,36.3,high
2024-09-09 06:06:18,80,36.8,high
2024-09-09 06:07:18,65,36.0,medium
2024-09-09 06:08:18,96,36.1,high
2024-09-09 06:09:18,83,36.4,medium
2024-09-09 06:10:18,91,37.0,high
2024-09-09 06:11:18,63,37.1,high
2024-09-09 06:12:18,100,36.9,medium
2024-09-09 06:13:18,63,37.5,medium
2024-09-09 06:14:18,92,36.7,low
2024-09-09 06:15:18,83,37.0,medium
2024-09-09 06:16:18,75,36.8,high
2024-09-09 06:17:18,94,37.4,medium
2024-09-09 06:18:18,72,37.1,low
2024-09-09 06:19:18,87,36.5,low
2024-09-09 06:20:18,73,36.5,medium
2024-09-09 06:21:18,77,37.0,low
2024-09-09 06:22:18,76,36.2,low
2024-09-09 06:23:18,91,36.0,low
2024-09-09 06:24:18,82,37.1,low
2024-09-09 06:25:18,68,36.6,high
2024-09-09 06:26:18,63,37.2,high
2024-09-09 06:27:18,100,36.5,high
2024-09-09 06:28:18,82,37.1,low
2024-09-09 06:29:18,66,36.2,low
2024-09-09 06:30:18,100,37.2,low
2024-09-09 06:31:18,65,37.5,low
2024-09-09 06:32:18,83,36.6,high
2024-09-09 06:33:18,91,36.5,medium
2024-09-09 06:34:18,73,37.0,medium
2024-09-09 06:35:18,88,36.6,medium
2024-09-09 06:36:18,80,36.7,high
2024-09-09 06:37:18,77,37.5,high
2024-09-09 06:38:18,87,36.2,low
2024-09-09 06:39:18,70,36.9,low
2024-09-09 06:40:18,63,37.4,high
2024-09-09 06:41:18,78,36.3,medium
2024-09-09 06:42:18,82,36.4,high
2024-09-09 06:43:18,69,37.0,high
2024-09-09 06:44:18,77,37.0,low
2024-09-09 06:45:18,95,37.1,low
2024-09-09 06:46:18,93,36.7,high
2024-09-09 06:47:18,99,36.6,high
2024-09-09 06:48:18,85,37.0,low
2024-09-09 06:49:18,85,37.4,low
2024-09-09 06:50:18,89,37.3,medium
2024-09-09 06:51:18,79,36.1,medium
2024-09-09 06:52:18,92,37.0,medium
2024-09-09 06:53:18,66,36.3,high
2024-09-09 06:54:18,73,37.0,medium
2024-09-09 06:55:18,86,36.7,medium
2024-09-09 06:56:18,90,36.8,low
2024-09-09 06:57:18,67,36.7,medium
2024-09-09 06:58:18,83,36.3,medium
2024-09-09 06:59:18,93,36.2,low
2024-09-09 07:00:18,100,36.7,medium
2024-09-09 07:01:18,76,37.1,low
2024-09-09 07:02:18,72,36.4,medium
2024-09-09 07:03:18,80,37.4,medium
2024-09-09 07:04:18,94,37.5,low
2024-09-09 07:05:18,84,36.7,low
2024-09-09 07:06:18,65,37.4,medium
2024-09-09 07:07:18,81,37.1,high
2024-09-09 07:08:18,65,36.4,medium
2024-09-09 07:09:18,98,36.0,high
2024-09-09 07:10:18,98,36.3,high
2024-09-09 07:11:18,88,36.1,medium
2024-09-09 07:12:18,83,37.1,low
2024-09-09 07:13:18,70,37.3,high
2024-09-09 07:14:18,99,36.4,high
2024-09-09 07:15:18,73,37.3,low
2024-09-09 07:16:18,96,36.6,low
2024-09-09 07:17:18,66,36.3,low
2024-09-09 07:18:18,85,36.5,medium
2024-09-09 07:19:18,67,36.6,medium
2024-09-09 07:20:18,74,37.4,low
2024-09-09 07:21:18,81,36.6,medium
2024-09-09 07:22:18,71,36.3,medium
2024-09-09 07:23:18,86,36.5,low
2024-09-09 07:24:18,67,37.4,low
2024-09-09 07:25:18,79,36.3,high
2024-09-09 07:26:18,74,36.4,medium
2024-09-09 07:27:18,87,36.7,high
2024-09-09 07:28:18,77,37.4,low
2024-09-09 07:29:18,70,37.5,low
2024-09-09 07:30:18,92,36.8,low
2024-09-09 07:31:18,76,36.3,low
2024-09-09 07:32:18,88,36.4,high
2024-09-09 07:33:18,74,36.5,high
2024-09-09 07:34:18,96,36.3,high
2024-09-09 07:35:18,75,36.7,high
2024-09-09 07:36:18,84,36.8,medium
2024-09-09 07:37:18,90,36.3,low
2024-09-09 07:38:18,87,36.1,medium
2024-09-09 07:39:18,60,37.0,medium
2024-09-09 07:40:18,92,37.1,low
2024-09-09 07:41:18,66,36.4,low
2024-09-09 07:42:18,73,36.0,low
2024-09-09 07:43:18,95,36.0,medium
2024-09-09 07:44:18,74,36.1,high
2024-09-09 07:45:18,73,37.0,medium
2024-09-09 07:46:18,92,36.7,medium
2024-09-09 07:47:18,85,36.3,high
2024-09-09 07:48:18,67,36.1,medium
2024-09-09 07:49:18,88,36.4,medium
2024-09-09 07:50:18,60,37.5,medium
2024-09-09 07:51:18,65,36.6,high
2024-09-09 07:52:18,75,36.9,medium
2024-09-09 07:53:18,80,36.7,medium
2024-09-09 07:54:18,83,36.7,low
2024-09-09 07:55:18,90,36.2,medium
2024-09-09 07:56:18,90,36.6,medium
2024-09-09 07:57:18,84,37.3,low
2024-09-09 07:58:18,63,36.8,low
2024-09-09 07:59:18,73,36.3,low
2024-09-09 08:00:18,92,37.4,high
2024-09-09 08:01:18,84,36.2,high
2024-09-09 08:02:18,71,36.5,high
2024-09-09 08:03:18,94,36.7,low
2024-09-09 08:04:18,77,36.9,low
2024-09-09 08:05:18,82,36.4,low
2024-09-09 08:06:18,75,36.5,medium
2024-09-09 08:07:18,79,36.5,low
2024-09-09 08:08:18,99,37.4,low
2024-09-09 08:09:18,93,37.1,high
2024-09-09 08:10:18,72,37.2,low
2024-09-09 08:11:18,98,37.3,medium
2024-09-09 08:12:18,97,37.2,low
2024-09-09 08:13:18,83,36.3,low
2024-09-09 08:14:18,92,36.8,medium
2024-09-09 08:15:18,87,37.1,low
2024-09-09 08:16:18,92,37.3,high
2024-09-09 08:17:18,60,36.5,medium
2024-09-09 08:18:18,69,37.3,low
2024-09-09 08:19:18,94,37.5,high
2024-09-09 08:20:18,97,36.7,low
2024-09-09 08:21:18,60,36.5,low
2024-09-09 08:22:18,84,37.3,low
2024-09-09 08:23:18,94,37.1,high
2024-09-09 08:24:18,69,36.4,low
2024-09-09 08:25:18,79,36.5,high
2024-09-09 08:26:18,84,37.0,low
2024-09-09 08:27:18,84,37.3,high
2024-09-09 08:28:18,68,37.3,high
2024-09-09 08:29:18,83,36.4,low
2024-09-09 08:30:18,80,36.9,high
2024-09-09 08:31:18,88,36.2,high
2024-09-09 08:32:18,77,36.1,medium
2024-09-09 08:33:18,94,36.6,low
2024-09-09 08:34:18,97,36.5,high
2024-09-09 08:35:18,84,36.8,low
2024-09-09 08:36:18,93,37.3,high
2024-09-09 08:37:18,95,37.2,low
2024-09-09 08:38:18,81,36.6,medium
2024-09-09 08:39:18,82,36.2,medium
2024-09-09 08:40:18,100,36.0,medium
2024-09-09 08:41:18,70,36.7,low
2024-09-09 08:42:18,96,36.9,low
2024-09-09 08:43:18,60,36.6,medium
2024-09-09 08:44:18,99,37.4,medium
2024-09-09 08:45:18,61,36.4,medium
2024-09-09 08:46:18,75,36.7,high
2024-09-09 08:47:18,89,36.7,low
2024-09-09 08:48:18,74,36.3,medium
2024-09-09 08:49:18,96,36.5,high
2024-09-09 08:50:18,67,36.1,low
2024-09-09 08:51:18,90,36.5,medium
2024-09-09 08:52:18,95,37.4,medium
2024-09-09 08:53:18,81,37.1,low
2024-09-09 08:54:18,85,36.9,high
2024-09-09 08:55:18,67,37.3,low
2024-09-09 08:56:18,89,37.0,low
2024-09-09 08:57:18,71,37.4,medium
2024-09-09 08:58:18,64,36.1,medium
2024-09-09 08:59:18,74,36.8,low
2024-09-09 09:00:18,88,37.3,low
2024-09-09 09:01:18,79,36.9,medium
2024-09-09 09:02:18,82,36.6,medium
2024-09-09 09:03:18,89,37.5,high
2024-09-09 09:04:18,77,36.6,low
2024-09-09 09:05:18,68,37.2,high
2024-09-09 09:06:18,79,36.7,low
2024-09-09 09:07:18,83,37.1,low
2024-09-09 09:08:18,65,36.3,medium
2024-09-09 09:09:18,98,36.6,medium
2024-09-09 09:10:18,85,36.5,high
2024-09-09 09:11:18,91,37.1,low
2024-09-09 09:12:18,88,37.1,high
2024-09-09 09:13:18,86,36.9,high
2024-09-09 09:14:18,73,36.6,high
2024-09-09 09:15:18,72,36.9,medium
2024-09-09 09:16:18,93,37.0,low
2024-09-09 09:17:18,97,37.2,low
2024-09-09 09:18:18,78,37.5,low
2024-09-09 09:19:18,64,36.3,high
2024-09-09 09:20:18,69,36.5,low
2024-09-09 09:21:18,92,36.9,high
2024-09-09 09:22:18,98,37.3,high
2024-09-09 09:23:18,63,36.5,low
2024-09-09 09:24:18,92,37.3,medium
2024-09-09 09:25:18,71,36.5,medium
2024-09-09 09:26:18,90,36.8,low
2024-09-09 09:27:18,97,37.0,low
2024-09-09 09:28:18,88,36.9,high
2024-09-09 09:29:18,91,36.7,high
2024-09-09 09:30:18,60,37.1,low
2024-09-09 09:31:18,68,36.8,low
2024-09-09 09:32:18,76,36.2,high
2024-09-09 09:33:18,88,36.7,high
2024-09-09 09:34:18,99,37.1,medium
2024-09-09 09:35:18,75,36.2,medium
2024-09-09 09:36:18,100,36.9,medium
2024-09-09 09:37:18,66,36.7,low
2024-09-09 09:38:18,88,36.8,high
2024-09-09 09:39:18,76,36.1,high
2024-09-09 09:40:18,95,37.5,low
2024-09-09 09:41:18,67,37.1,high
2024-09-09 09:42:18,89,36.9,high
2024-09-09 09:43:18,66,36.4,low
2024-09-09 09:44:18,79,36.7,low
2024-09-09 09:45:18,62,37.4,low
2024-09-09 09:46:18,74,36.3,high
2024-09-09 09:47:18,61,37.0,low
2024-09-09 09:48:18,78,36.2,high
2024-09-09 09:49:18,100,36.2,medium
2024-09-09 09:50:18,73,36.7,high
2024-09-09 09:51:18,66,37.5,medium
2024-09-09 09:52:18,63,37.1,medium
2024-09-09 09:53:18,94,36.4,high
2024-09-09 09:54:18,86,36.4,low
2024-09-09 09:55:18,99,37.1,medium
2024-09-09 09:56:18,87,36.3,medium
2024-09-09 09:57:18,86,36.4,medium
2024-09-09 09:58:18,88,36.7,high
2024-09-09 09:59:18,68,37.1,high
2024-09-09 10:00:18,62,36.6,low
2024-09-09 10:01:18,100,36.3,low
2024-09-09 10:02:18,70,36.8,high
2024-09-09 10:03:18,91,37.5,low
2024-09-09 10:04:18,74,36.7,low
2024-09-09 10:05:18,71,36.7,medium
2024-09-09 10:06:18,100,36.4,high
2024-09-09 10:07:18,72,36.8,medium
2024-09-09 10:08:18,88,36.4,low
2024-09-09 10:09:18,78,36.7,high
2024-09-09 10:10:18,71,36.2,high
2024-09-09 10:11:18,84,36.3,high
2024-09-09 10:12:18,91,36.2,low
2024-09-09 10:13:18,84,37.1,low
2024-09-09 10:14:18,100,36.5,medium
2024-09-09 10:15:18,66,36.9,medium
2024-09-09 10:16:18,67,37.1,high
2024-09-09 10:17:18,94,37.4,medium
2024-09-09 10:18:18,60,36.1,medium
2024-09-09 10:19:18,98,37.0,low
2024-09-09 10:20:18,82,36.9,low
2024-09-09 10:21:18,78,37.2,low
2024-09-09 10:22:18,68,37.1,low
2024-09-09 10:23:18,100,36.4,medium
2024-09-09 10:24:18,100,36.1,medium
2024-09-09 10:25:18,70,36.3,low
2024-09-09 10:26:18,89,36.9,low
2024-09-09 10:27:18,74,36.7,high
2024-09-09 10:28:18,92,37.2,low
2024-09-09 10:29:18,93,36.5,low
2024-09-09 10:30:18,99,36.5,low
2024-09-09 10:31:18,91,36.3,low
2024-09-09 10:32:18,96,36.4,medium
2024-09-09 10:33:18,78,36.8,medium
2024-09-09 10:34:18,85,36.0,high
2024-09-09 10:35:18,89,36.7,medium
2024-09-09 10:36:18,85,37.5,low
2024-09-09 10:37:18,71,37.5,low
2024-09-09 10:38:18,62,36.4,low
2024-09-09 10:39:18,82,37.4,high
2024-09-09 10:40:18,65,36.1,medium
2024-09-09 10:41:18,95,36.8,low
2024-09-09 10:42:18,75,36.6,medium
2024-09-09 10:43:18,66,37.1,low
2024-09-09 10:44:18,100,36.5,medium
2024-09-09 10:45:18,76,36.9,high
2024-09-09 10:46:18,75,36.3,low
2024-09-09 10:47:18,67,36.1,low
2024-09-09 10:48:18,95,36.3,high
2024-09-09 10:49:18,73,37.3,low
2024-09-09 10:50:18,100,36.3,medium
2024-09-09 10:51:18,79,36.4,low
2024-09-09 10:52:18,98,36.2,low
2024-09-09 10:53:18,92,36.1,high
2024-09-09 10:54:18,89,37.4,high
2024-09-09 10:55:18,81,36.0,low
2024-09-09 10:56:18,67,37.5,low
2024-09-09 10:57:18,100,36.2,high
2024-09-09 10:58:18,76,37.5,low
2024-09-09 10:59:18,87,37.0,medium
2024-09-09 11:00:18,96,36.7,low
2024-09-09 11:01:18,86,36.5,medium
2024-09-09 11:02:18,93,36.8,low
2024-09-09 11:03:18,95,36.1,medium
2024-09-09 11:04:18,63,37.3,medium
2024-09-09 11:05:18,94,36.6,medium
2024-09-09 11:06:18,97,37.4,low
2024-09-09 11:07:18,85,36.3,medium
2024-09-09 11:08:18,86,37.2,high
2024-09-09 11:09:18,100,37.0,high
2024-09-09 11:10:18,60,36.9,medium
2024-09-09 11:11:18,63,36.5,medium
2024-09-09 11:12:18,62,37.3,high
2024-09-09 11:13:18,87,36.3,medium
2024-09-09 11:14:18,73,36.1,high
2024-09-09 11:15:18,88,36.3,high
2024-09-09 11:16:18,89,36.3,high
2024-09-09 11:17:18,96,37.1,low
2024-09-09 11:18:18,74,36.5,medium
2024-09-09 11:19:18,98,36.5,high
